Path,Mean,Std,CI_Lower,CI_Upper
Diversity~HighFreq,0.6822318765921669,0.21894440673530624,0.3347025072756608,1.1549353891526974
SQ~Diversity,0.7164764919412454,0.04627380593580175,0.6118942246404477,0.8007208413105136
SQ~HighFreq,-0.29972040422961543,0.05509880131061933,-0.41311396191870914,-0.21274481251700808
