Path,Mean,Std,CI_Lower,CI_Upper
Diversity~HighFreq,0.682237343723436,0.2189457801972615,0.33474625961173704,1.1551962272035858
SQ~Diversity,0.7164750976032828,0.04627838560300316,0.6118788119913012,0.800735012448703
SQ~HighFreq,-0.2997252547105205,0.05510183247491001,-0.4131763063516181,-0.2128088500920093
