Fold,Diversity~HighFreq,SQ~Diversity,MAE,Train_Size,Test_Size
1,0.4916990605695014,0.6713085541392674,0.0,24,12
2,0.2696207432315865,0.7135633988958575,0.0,24,12
3,0.8544127743315487,0.7389209740774841,0.0,24,12
