Run,Diversity~HighFreq,SQ~Diversity,SQ~HighFreq,Sample_Size
1,0.6114462211364518,0.6168727717315003,-0.35316858416644004,12
2,0.862270546690184,0.6988515742738016,-0.4204785528406455,12
3,0.47015184330554205,0.7369392170717739,-0.22628156296177324,12
