Fold,Diversity~HighFreq,SQ~Diversity,MAE,Train_Size,Test_Size
1,0.49160653852389563,0.671280713497997,0.0,24,12
2,0.26962074325408136,0.7135633989060768,0.0,24,12
3,0.8544499504402985,0.7389231690846366,0.0,24,12
