Run,Diversity~HighFreq,SQ~Diversity,SQ~HighFreq,Sample_Size
1,0.6116422791652224,0.6168678621623775,-0.353152749243242,12
2,0.862406487419918,0.6988530628109907,-0.4204692076429885,12
3,0.47012627431655485,0.7370050082804854,-0.22632311472908256,12
